﻿{
  "toast_message1": "部分模組設定預設為停用",
  "toast_message2": "這可以在配置器中進行配置（預設為F1）",
  "toast_message3": "戰鬥結果記錄保存在遊戲根目錄中",
  "toast_message4": "檔案：BossReviveChallengeRecords.json",

  "kill_counter": "擊殺數：",
  "kill_counter_hs": "最高紀錄：",
  "kill_counter_last": "上次結果：",
  "speed_temp": "暫時加速",
  "speed_perm": "永久加速",
  "timer": "計時器",
  "parry_damage": "精準格擋",
  "damage_buildup": "傷害累積",
  "regeneration": "再生",
  "knockback": "擊退",
  "knockout": "擊倒",
  "random_arrow": "隨機箭矢",
  "random_talisman": "隨機護符",
  "endurance": "耐力",
  "config_cycling_enabled_description": "啟用首領復活。\n首領將恢復生命值並返回第一階段，而不是死亡。",
  "config_cycles_number_description": "首領死亡次數。\n首領將在指定死亡次數後死亡（包括本次）。",
  "config_scaling_enabled_description": "啟用速度縮放。\n首領每次死亡後將獲得線性速度提升。",
  "config_scaling_minspeed_description": "縮放：初始速度。\n速度縮放的起始值。",
  "config_scaling_maxspeed_description": "縮放：最大速度。\n速度縮放的最大值。",
  "config_scaling_scaling_cycle_description": "達到最大速度縮放的死亡次數。\n速度縮放將在這些死亡次數後達到最大值。",
  "config_scaling_modifiers_enabled_description": "啟用修改器數量縮放。\n首領將獲得更多修改器。",
  "config_scaling_maxmodifiers_description": "縮放：修改器數量。\n修改器數量增加的最大值",
  "config_scaling_modifiers_scaling_cycle_description": "達到最大修改器數量縮放的死亡次數。\n修改器數量增加將在這些死亡次數後達到最大值",
  "config_modifiers_enabled_description": "啟用修改器。\n啟用或停用影響首領戰的修改器。",
  "config_repeating_enabled_description": "重複修改器。\n修改器可以連續重複多次。",
  "config_modifiers_speed_enabled_description": "速度修改器。\n+25% 首領速度提升。與速度縮放以乘法疊加。",
  "config_modifiers_timer_enabled_description": "計時器修改器。\n啟動擊殺首領的計時器。時間耗盡時，羿死亡。",
  "config_modifiers_parry_damage_enabled_description": "停用不精準格擋的修改器。\n不精準格擋無法保護羿。",
  "config_modifiers_internal_damage_enabled_description": "內部傷害累積修改器。\n羿會隨著時間累積內部傷害。作為交換，羿不會受到來自修改器持有者攻擊的格擋造成的內部傷害。",
  "config_modifiers_regeneration_enabled_description": "再生修改器。\n敵人將緩慢恢復其生命值。恢復的總生命值等於所有階段總生命值的一半。",
  "config_modifiers_knockback_enabled_description": "擊退修改器。\n來自敵人攻擊的擊退效果翻倍。",
  "config_modifiers_knockout_enabled_description": "擊倒修改器。\n所有擊中羿的攻擊都會對羿施加最強的擊倒效果。",
  "config_modifiers_random_arrow_enabled_description": "隨機箭矢修改器。\n選定的箭矢會在射擊後隨機更改。玩家無法自行更改。",
  "config_modifiers_random_talisman_enabled_description": "隨機護符修改器。\n選定的護符會在引爆後隨機更改。玩家無法自行更改。\n（目前護符模式將顯示在選定的箭矢上方，可能需要使用幾次才會顯示）",
  "config_modifiers_endurance_enabled_description": "耐力修改器。\n敵人無法被擊暈。格擋某些攻擊後的擊暈和蚨蝶的擊暈仍然會生效。"
}