﻿{
  "toast_message1": "部分模组设置默认为禁用",
  "toast_message2": "这可以在配置器中进行配置（默认为F1）",
  "toast_message3": "战斗结果记录保存在游戏根目录中",
  "toast_message4": "文件：BossReviveChallengeRecords.json",

  "kill_counter": "击杀数：",
  "kill_counter_hs": "最高纪录：",
  "kill_counter_last": "上次结果：",
  "speed_temp": "加速度",
  "speed_perm": "永久加速",
  "timer": "计时器",
  "parry_damage": "精准格挡",
  "damage_buildup": "伤害累积",
  "regeneration": "再生",
  "knockback": "击退",
  "knockout": "击倒",
  "random_arrow": "随机箭矢",
  "random_talisman": "随机护符",
  "endurance": "耐力",
  "config_cycling_enabled_description": "启用首领复活。\n首领将恢复生命值并返回第一阶段，而不是死亡。",
  "config_cycles_number_description": "首领死亡次数。\n首领将在指定死亡次数后死亡（包括本次）。",
  "config_scaling_enabled_description": "启用速度缩放。\n首领每次死亡后将获得线性速度提升。",
  "config_scaling_minspeed_description": "缩放：初始速度。\n速度缩放的起始值。",
  "config_scaling_maxspeed_description": "缩放：最大速度。\n速度缩放的最大值。",
  "config_scaling_scaling_cycle_description": "达到最大速度缩放的死亡次数。\n速度缩放将在这些死亡次数后达到最大值。",
  "config_scaling_modifiers_enabled_description": "启用修改器数量缩放。\n首领将获得更多修改器。",
  "config_scaling_maxmodifiers_description": "缩放：修改器数量。\n修改器数量增加的最大值",
  "config_scaling_modifiers_scaling_cycle_description": "达到最大修改器数量缩放的死亡次数。\n修改器数量增加将在这些死亡次数后达到最大值",
  "config_modifiers_enabled_description": "启用修改器。\n启用或禁用影响首领战的修改器。",
  "config_repeating_enabled_description": "重复修改器。\n修改器可以连续重复多次。",
  "config_modifiers_speed_enabled_description": "速度修改器。\n+25% 首领速度提升。与速度缩放以乘法叠加。",
  "config_modifiers_timer_enabled_description": "计时器修改器。\n启动击杀首领的计时器。时间耗尽时，羿死亡。",
  "config_modifiers_parry_damage_enabled_description": "禁用不精准格挡的修改器。\n不精准格挡无法保护羿。",
  "config_modifiers_internal_damage_enabled_description": "内部伤害累积修改器。\n羿会随着时间累积内部伤害。作为交换，羿不会受到来自修改器持有者攻击的格挡造成的内部伤害。",
  "config_modifiers_regeneration_enabled_description": "再生修改器。\n敌人将缓慢恢复其生命值。恢复的总生命值等于所有阶段总生命值的一半。",
  "config_modifiers_knockback_enabled_description": "击退修改器。\n来自敌人攻击的击退效果翻倍。",
  "config_modifiers_knockout_enabled_description": "击倒修改器。\n所有击中羿的攻击都会对羿施加最强的击倒效果。",
  "config_modifiers_random_arrow_enabled_description": "随机箭矢修改器。\n选定的箭矢会在射击后随机更改。玩家无法自行更改。",
  "config_modifiers_random_talisman_enabled_description": "随机护符修改器。\n选定的护符会在引爆后随机更改。玩家无法自行更改。\n（当前护符模式将显示在选定的箭矢上方，可能需要使用几次才会显示）",
  "config_modifiers_endurance_enabled_description": "耐力修改器。\n敌人无法被击晕。格挡某些攻击后的击晕和蚨蝶的击晕仍然生效。"
}