{
  "toast_message1": "Часть настроек мода отключена по умолчанию",
  "toast_message2": "Это настраивается в конфигураторе(F1 по умолчанию)",
  "toast_message3": "Записи результатов боя сохраняются в корневую папку игры",
  "toast_message4": "Файл: BossReviveChallengeRecords.json",

  "kill_counter": "Убито:",
  "kill_counter_hs": "Максимум:",
  "kill_counter_last": "Пред. результат:",

  "speed_temp": "Ускорение",
  "speed_perm": "Ускорение(постоянно)",
  "timer": "Таймер",
  "parry_damage": "Точн. парирования",
  "damage_buildup": "Накопление урона",
  "regeneration": "Регенерация",
  "knockback": "Откидывание",
  "knockout": "Нокаут",
  "random_arrow": "Случ. стрела",
  "random_talisman": "Случ. талисман",
  "endurance": "Стойкость",

  "config_cycling_enabled_description": "Включить восстановление боссов.\n Босс восстановит здоровье и перейдёт в первую фазу вместо смерти.",
  "config_cycles_number_description": "Количество смертей босса.\n Босс умрёт после указанного количества смертей(учитывая эту по счёту).",

  "config_scaling_enabled_description": "Включить усиление скорости.\n Боссы будут получать линейное усиление скорости с каждой смертью.",
  "config_scaling_minspeed_description": "Усиление: начальная скорость.\n С какого значения начнётся увеличение скорости.",
  "config_scaling_maxspeed_description": "Усиление: максимальная скорость.\n Максимальное значение увеличения скорости.",
  "config_scaling_scaling_cycle_description": "Максимальное усиление скорости.\n Усиление скорости достигнет максимума после этого количества смертей",

  "config_scaling_modifiers_enabled_description": "Включить увеличение количества модификаторов.\n Боссы будут получать большее количество модификаторов.",
  "config_scaling_maxmodifiers_description": "Усиление: количество модификаторов. \n Максимальное значение увеличения количества модификаторов",
  "config_scaling_modifiers_scaling_cycle_description": "Максимальное увеличение количества модификаторов.\n Увеличение количества модификаторов достигнет максимума после этого количества смертей",

  "config_modifiers_enabled_description": "Включить модификаторы.\n Включить или отключить модификаторы, влияющие на бой с боссом.",
  "config_repeating_enabled_description": "Повтор модификаторов.\n Модификаторы могут повторяться несколько раз подряд.",
  "config_modifiers_speed_enabled_description": "Модификатор скорости.\n +25% ускорение босса. Совмещается усилением скорости мультипликативно",
  "config_modifiers_timer_enabled_description": "Модификатор таймера.\n Запускает таймер на убийство босса. По истечению времени И умирает",
  "config_modifiers_parry_damage_enabled_description": "Модификатор отключения неточных парирований.\n Неточные парирования не защищают И.",
  "config_modifiers_internal_damage_enabled_description": "Модификатор накопления внутренного урона.\n И накапливает внутренний урон со временем. Взамен, И не будет получать внутренний урон от парирований атак носителя модификатора.",
  "config_modifiers_regeneration_enabled_description": "Модификатор регенерации.\n Враг будет медленно восстанавливать своё здоровье. Общий запас восстанавливаемоего здоровья равен половине общего запаса здоровья на всех фазах.",
  "config_modifiers_knockback_enabled_description": "Модификатор отбрасывания.\n Отбрасывание от вражеских атак увеличено в два раза.",
  "config_modifiers_knockout_enabled_description": "Модификатор нокаута.\n Все попавшие атаки отправляют И в самый сильный нокаут.",
  "config_modifiers_random_arrow_enabled_description": "Модификатор случайной стрелы.\n Выбранная стрела случайно меняется после выстрела. Её нельзя изменить самостоятельно.",
  "config_modifiers_random_talisman_enabled_description": "Модификатор случайного талисмана.\n Выбранный талисмен случайно меняется после подрыва. Его нельзя изменить самостоятельно.\n(Текущий режим талисмана будет отображаться над выбранной стрелой, может потребоваться несколько использований перед отображением)",
  "config_modifiers_endurance_enabled_description": "Модификатор стойкости.\n Враг не может быть оглушен. Оглушение после парирования некоторых атак и оглушение Госпожи Бабочки всё ещё будет применяться."
}
